Parcel|Address|Date|Price|dc1|dc2|Use|dc3
K6NW1C 3 1A 0503| 417 OLD FORGE DR| 07/01/2009| $126,000.00| 828346| 0302| Single Family, Resi...| 
K6NW1D 2 1 0503| 224 CREEK RD| 05/18/2009| $126,500.00| 826659| 0302| Single Family, Resi...| 
K6NW2 1 31 0503| 303 SPYGLASS HILL RD| 08/11/2009| $313,025.00| 830135| 0301| Single Family, Resi...| 
K6NW2 2 18 0503| 109 SPYGLASS CT| 07/06/2009| $325,000.00| 828444| 0301| Single Family, Resi...| 
K6NW3 1 4 0503| 214 CHRISTMAS AVE| 04/17/2009| $215,000.00| 825492| 0301| Single Family, Resi...| 
K6NW3 2 16 0503| 221 CHRISTMAS AVE| 06/09/2009| $212,000.00| 827471| 0301| Single Family, Resi...| 
K6NW3C 3 4 0503| 210 WOLF ST| 09/01/2009| $218,000.00| 830967| 0303| Single Family, Resi...| 
K6NW3D 10 6A 0503| 266 BROAD ST| 07/08/2009| $162,000.00| 828622| 0303| Single Family, Resi...| 
K6NW3D 2 5 0503| 243 PENN ST| 04/21/2009| $75,000.00| 825542| 0303| Single Family, Resi...| 
K6NW3D 2 7A 0503| 235 PENN ST| 04/06/2009| $150,000.00| 880148| 0303| Single Family, Resi...| 
K6NW3D 2 7A 0503| 235 PENN ST| 04/06/2009| $150,000.00| 825030| 0303| Single Family, Resi...| 
K6NW4B 4 60 0503| 410 OLD FORGE DR| 08/11/2009| $115,000.00| 830137| 0302| Single Family, Resi...| 
K6NW4B 4 62 0503| 414 OLD FORGE DR| 05/01/2009| $113,000.00| 825978| 0302| Single Family, Resi...| 
K6NW4C 1 4 0503| 330 W MAIN ST| 03/30/2009| $168,500.00| 824650| 0303| Single Family, Resi...| 
K6NW4C 13 10 0503| 319 GREEN ST| 08/21/2009| $90,900.00| 830656| 0303| Single Family, Resi...| 
K6NW4C 13 6 0503| 301 GREEN ST| 05/05/2009| $109,900.00| 826155| 0303| Single Family, Resi...| 
K6NW4C 24 1 0503| 261 S WALNUT ST| 06/05/2009| $77,976.00| 827322| 0303| Single Family, Resi...| 
K6NW2 1 31 0503| 303 SPYGLASS HILL RD| 10/29/2009| $291,000.00| 833239| 0301| Single Family, Resi...| 
K6NW3 1 7 0503| 120 CHRISTMAS AVE| 09/29/2009| $210,000.00| 832077| 0301| Single Family, Resi...| 
K6NW4B 1 19 0503| 221 OLD FORGE DR| 12/07/2009| $96,500.00| 835386| 0302| Single Family, Resi...| 
K6NW4B 6 8 0503| 112 N WALNUT ST| 01/08/2010| $137,900.00| 836653| 0303| Single Family, Resi...| 
K6NW4B 8 6 0503| 125 E NORTHAMPTON ST| 11/23/2009| $164,900.00| 834376| 0303| Single Family, Resi...| 
K6NW4B 8 7 0503| 121 E NORTHAMPTON ST| 10/07/2009| $183,900.00| 832410| 0303| Single Family, Resi...| 
K6NW4C 13 9 0503| 311 GREEN ST| 11/16/2009| $199,900.00| 834087| 0303| Single Family, Resi...| 
K6NW4C 20 4A 0503| 223 RACE ST| 10/06/2009| $98,000.00| 832336| 0303| Single Family, Resi...| 
K6NW4C 6 5 0503| 101 S CHESTNUT ST| 10/26/2009| $63,019.00| 833143| 0303| Single Family, Resi...| 
K6NW4C 8 2 0503| 132 WASHINGTON ST| 12/10/2009| $95,000.00| 835956| 0303| Single Family, Resi...| 
K6NW4C 8 2 0503| 132 WASHINGTON ST| 12/10/2009| $95,000.00| 835686| 0303| Single Family, Resi...| 
K6NW1C 2 1 0503| 211 N CHESTNUT ST| 08/18/2010| $181,000.00| 845492| 0303| Single Family, Resi...| 
K6NW2 4 5 0503| 224 MEMORIAL DR| 07/20/2010| $268,000.00| 844255| 0301| Single Family, Resi...| 
K6NW3 2 9 0503| 521 EASTER TER| 08/12/2010| $217,147.00| 845273| 0301| Single Family, Resi...| 
K6NW3 3 4 0503| 518 EASTER TER| 09/13/2010| $251,500.00| 846436| 0301| Single Family, Resi...| 
K6NW3B 3 1A 0503| 608 E NORTHAMPTON ST| 04/27/2010| $125,000.00| 840617| 0303| Single Family, Resi...| 
K6NW3D 1 9 0503| 125 WASHINGTON ST| 04/08/2010| $105,000.00| 839934| 0303| Single Family, Resi...| 
K6NW3D 10 3A 0503| 256 BROAD ST| 04/08/2010| $72,004.00| 840014| 0303| Single Family, Resi...| 
K6NW3D 3 16 0503| 245 E MAIN ST| 05/14/2010| $127,049.00| 841398| 0303| Single Family, Resi...| 
K6NW3D 3 9 0503| 234 HAIDLE AVE| 05/14/2010| $139,900.00| 841400| 0303| Single Family, Resi...| 
K6NW4B 1 44 0503| 103 OLD FORGE DR| 05/18/2010| $110,000.00| 841483| 0302| Single Family, Resi...| 
K6NW4B 6 4 0503| 128 N WALNUT ST| 09/03/2010| $105,000.00| 846126| 0303| Single Family, Resi...| 
K6NW4B 7 8 0503| 127 N WALNUT ST| 06/08/2010| $162,500.00| 842557| 0303| Single Family, Resi...| 
K6NW4C 13 10 0503| 319 GREEN ST| 07/29/2010| $152,000.00| 844584| 0303| Single Family, Resi...| 
K6NW4C 18 6 0503| 124 E MAIN ST| 05/27/2010| $55,000.00| 841952| 0303| Single Family, Resi...| 
K6NW2 1 12 0503| 101 PARKRIDGE DR| 12/14/2010| $290,000.00| 849976| 0301| Single Family, Resi...| 
K6NW2 5 4 0503| 208 MEMORIAL DR| 12/14/2010| $230,000.00| 849978| 0301| Single Family, Resi...| 
K6NW3D 2 1E 0503| 271 PENN ST| 12/01/2010| $154,900.00| 849517| 0303| Single Family, Resi...| 
K6NW4B 4 31 0503| 120 OLD FORGE DR| 11/29/2010| $114,924.00| 849433| 0302| Single Family, Resi...| 
K6NW4B 8 4 0503| 135 E NORTHAMPTON ST| 11/17/2010| $50,000.00| 849005| 0303| Single Family, Resi...| 
K6NW4C 1 2 0503| 346 W MAIN ST| 11/16/2010| $165,000.00| 849007| 0303| Single Family, Resi...| 
K6NW4C 12 12 0503| 121 E MAIN ST| 12/14/2010| $129,500.00| 850049| 0303| 2 -4 Family, Reside...| 
K6NW4D 4 3 0503| 357 GREEN ST| 12/01/2010| $150,000.00| 849519| 0303| Single Family, Resi...| 
K6 5 21 0503| 130 SLEEPY HOLLOW RD| 06/30/2011| $225,000.00| 857025| 0303| Single Family, Resi...| 
K6NW2 1 20 0503| 108 TURNBERRY CT| 08/31/2011| $325,000.00| 859778| 0301| Single Family, Resi...| 
K6NW3 4 12 0503| 102 PARKRIDGE DR| 07/08/2011| $305,000.00| 857823| 0301| Single Family, Resi...| 
K6NW3B 4 1 0503| 137 BROAD ST| 04/26/2011| $100,000.00| 854588| 0303| Single Family, Resi...| 
K6NW3C 5 4 0503| 267 BROAD ST| 05/23/2011| $141,000.00| 855554| 0303| Single Family, Resi...| 
K6NW3D 12 1 0503| 236 E MAIN ST| 08/29/2011| $194,000.00| 859668| 0303| Single Family, Resi...| 
K6NW4C 12 6 0503| 143 E MAIN ST| 06/09/2011| $150,000.00| 856248| 0303| Single Family, Resi...| 
K6NW4D 1 2 0503| 369 W MAIN ST| 07/15/2011| $127,000.00| 858046| 0303| Single Family, Resi...| 
K6NW2 3 4 0503| 608 INDEPENDENCE AVE| 02/13/2012| $197,500.00| 865876| 0301| Single Family, Resi...| 
K6NW3A 2 3 0503| 108 WASHINGTON ST| 01/13/2012| $38,000.00| 864781| 0303| Single Family, Resi...| 
K6NW3C 2 2 0503| 603 PENN ST| 12/02/2011| $115,000.00| 863093| 0303| Single Family, Resi...| 
K6NW3D 10 11 050...| 241 POPLAR ST| 11/01/2011| $108,000.00| 983623| 0303| Single Family, Resi...| 
K6NW4B 1 21 0503| 217 OLD FORGE DR| 12/07/2011| $110,000.00| 863309| 0302| Single Family, Resi...| 
K6NW4B 4 5 0503| 337 W MAIN ST| 02/10/2012| $95,900.00| 865812| 0303| Single Family, Resi...| 
K6NW4B 6 1 0503| 136 -38 N WALNUT ST| 12/30/2011| $125,000.00| 864293| 0303| 2 -4 Family, Reside...| 
K6NW4C 13 10A-1 0503| 320 WEST ST| 12/20/2011| $155,000.00| 863825| 0303| Single Family, Resi...| 
K6NW4C 24 5 0503| 249 S WALNUT ST| 02/02/2012| $47,500.00| 865526| 0303| Single Family, Resi...| 
K6NW4D 4 4 0503| 361 GREEN ST| 01/18/2012| $50,000.00| 864931| 0303| Single Family, Resi...| 
K6SW2B 2 1A 0503| 420 E MAIN ST| 03/14/2012| $178,502.00| 867001| 0303| 2 -4 Family, Reside...| 
K6 1 4C 0503| 411 CENTURY DR| 07/13/2012| $155,000.00| 872010| 0303| Single Family, Resi...| 
K6NW1C 2 1 0503| 211 N CHESTNUT ST| 05/14/2012| $198,000.00| 869191| 0303| Single Family, Resi...| 
K6NW1D 2 12E 0503| 503 OLD FORGE DR| 05/03/2012| $58,408.00| 868790| 0302| Single Family, Resi...| 
K6NW2 2 2 0503| 511 INDEPENDENCE AVE| 04/12/2012| $190,000.00| 867961| 0301| Single Family, Resi...| 
K6NW2 6 9 0503| 320 SPYGLASS HILL RD| 08/10/2012| $315,000.00| 873507| 0301| Single Family, Resi...| 
K6NW3 4 6 0503| 110 SPYGLASS HILL RD| 06/22/2012| $298,000.00| 870918| 0301| Single Family, Resi...| 
K6NW3C 4 4 0503| 610 PENN ST| 08/15/2012| $50,000.00| 873721| 0303| Single Family, Resi...| 
K6NW3D 12 8 0503| 284 E MAIN ST| 05/14/2012| $217,000.00| 869193| 0303| Single Family, Resi...| 
K6NW3D 9 7 0503| 349 E MAIN ST| 08/28/2012| $61,200.00| 874523| 0303| Single Family, Resi...| 
K6NW4B 4 14 0503| 222 OLD FORGE DR| 08/03/2012| $35,175.00| 873223| 0302| Single Family, Resi...| 
K6NW4C 1 3 0503| 336 W MAIN ST| 08/29/2012| $154,900.00| 874620| 0303| Single Family, Resi...| 
K6NW4C 12 2C 0503| 146 WASHINGTON ST| 05/16/2012| $180,000.00| 869310| 0303| Single Family, Resi...| 
K6NW4C 24 3 0503| 253 S WALNUT ST| 06/25/2012| $50,000.00| 870964| 0303| Single Family, Resi...| 
K6NW4D 2 2 0503| 440 W MAIN ST| 05/01/2012| $50,000.00| 868605| 0303| Single Family, Resi...| 
K6NW4D 2 2 0503| 440 W MAIN ST| 07/30/2012| $67,300.00| 873016| 0303| Single Family, Resi...| 
K6SW2B 2 1A 0503| 420 E MAIN ST| 09/10/2012| $175,000.00| 875033| 0303| 2 -4 Family, Reside...| 
K6NW2 1 33 0503| 307 SPYGLASS HILL RD| 11/20/2012| $299,900.00| 877915| 0301| Single Family, Resi...| 
K6NW3 2 16 0503| 221 CHRISTMAS AVE| 11/20/2012| $211,500.00| 877917| 0301| Single Family, Resi...| 
K6NW3 3 7 0503| 524 EASTER TER| 12/04/2012| $225,000.00| 878442| 0301| Single Family, Resi...| 
K6NW3C 1 2B-1 0503| 514 HOCH ST| 03/06/2013| $44,500.00| 881935| 0303| Single Family, Resi...| 
K6NW3C 4 5 0503| 616 PENN ST| 01/07/2013| $33,299.00| 879914| 0303| Single Family, Resi...| 
K6NW3D 2 2 0503| 257 PENN ST| 10/16/2012| $102,000.00| 876643| 0303| Single Family, Resi...| 
K6NW3D 2 4 0503| 245 PENN ST| 01/04/2013| $49,900.00| 879774| 0303| 2 -4 Family, Reside...| 
K6NW3D 3 18 0503| 229 -35 E MAIN ST| 12/17/2012| $215,000.00| 878989| 0303| 2 -4 Family, Reside...| 
K6NW3D 3 5 0503| 242 PENN ST| 01/15/2013| $121,900.00| 880219| 0303| Single Family, Resi...| 
K6NW4B 4 14 0503| 222 OLD FORGE DR| 02/04/2013| $104,000.00| 880819| 0302| Single Family, Resi...| 
K6NW4C 17 9 0503| 104 W MAIN ST| 10/02/2012| $89,600.00| 876043| 0303| 2 -4 Family, Reside...| 
K6NW4C 23 7 0503| 246 S WALNUT ST| 11/08/2012| $194,900.00| 877325| 0303| Single Family, Resi...| 
K6NW2 2 16 0503| 113 SPYGLASS CT| 05/17/2013| $303,750.00| 885289| 0301| Single Family, Resi...| 
K6NW2 4 3 0503| 228 MEMORIAL DR| 05/01/2013| $240,000.00| 884494| 0301| Single Family, Resi...| 
K6NW2 6 5 0503| 312 SPYGLASS HILL RD| 07/02/2013| $270,000.00| 888327| 0301| Single Family, Resi...| 
K6NW3 2 12 0503| 509 EASTER TER| 09/10/2013| $188,000.00| 892148| 0301| Single Family, Resi...| 
K6NW3 2 12 0503| 509 EASTER TER| 04/16/2013| $79,649.00| 883849| 0301| Single Family, Resi...| 
K6NW3A 2 4 0503| 110 WASHINGTON ST| 07/17/2013| $114,000.00| 889169| 0303| Single Family, Resi...| 
K6NW3C 4 4 0503| 610 PENN ST| 05/01/2013| $100,000.00| 884530| 0303| Single Family, Resi...| 
K6NW3D 13 9 0503| 352 E MAIN ST| 06/24/2013| $168,000.00| 887605| 0303| Single Family, Resi...| 
K6NW4B 1 23 0503| 213 OLD FORGE DR| 05/23/2013| $105,000.00| 885744| 0302| Single Family, Resi...| 
K6NW4C 24 11 0503| 225 S WALNUT ST| 08/20/2013| $129,700.00| 891037| 0303| Single Family, Resi...| 
K6NW4D 2 2 0503| 440 W MAIN ST| 09/16/2013| $134,000.00| 892351| 0303| Single Family, Resi...| 
K6 1 4B-3 0503| 338 CREEK RD| 10/24/2013| $162,000.00| 894856| 0303| Single Family, Resi...| 
K6NW2 2 3 0503| 513 INDEPENDENCE AVE| 01/30/2014| $240,000.00| 899201| 0301| Single Family, Resi...| 
K6NW3 1 11 0503| 103 SPYGLASS HILL RD| 11/25/2013| $299,900.00| 896333| 0301| Single Family, Resi...| 
K6NW3C 4 5 0503| 616 PENN ST| 11/19/2013| $114,000.00| 896128| 0303| Single Family, Resi...| 
K6NW3D 3 2 0503| 228 PENN ST| 03/13/2014| $126,000.00| 900568| 0303| Single Family, Resi...| 
K6NW4B 1 32 0503| 127 OLD FORGE DR| 01/14/2014| $25,000.00| 898314| 0302| Single Family, Resi...| 
K6NW4B 4 36 0503| 110 OLD FORGE DR| 10/02/2013| $105,000.00| 893596| 0302| Single Family, Resi...| 
K6NW4B 4 56 0503| 402 OLD FORGE DR| 02/04/2014| $88,322.00| 898812| 0302| Single Family, Resi...| 
K6NW4B 4 63 0503| 416 OLD FORGE DR| 10/24/2013| $88,000.00| 894906| 0302| Single Family, Resi...| 
K6NW4B 6 17 0503| 139 N CHESTNUT ST| 12/31/2013| $105,000.00| 897886| 0303| Single Family, Resi...| 
K6NW4D 3 2 0503| 364 W MAIN ST| 11/15/2013| $173,000.00| 895920| 0303| Single Family, Resi...| 
K6 5 16 0503| 219 SLEEPY HOLLOW RD| 05/06/2014| $104,000.00| 902702| 0303| Single Family, Resi...| 
K6NW1D 1 5 0503| 520 OLD FORGE DR| 07/07/2014| $80,000.00| 905779| 0302| Single Family, Resi...| 
K6NW1D 1 9 0503| 512 OLD FORGE DR| 07/01/2014| $98,900.00| 905467| 0302| Single Family, Resi...| 
K6NW1D 2 12F 0503| 505 OLD FORGE DR| 04/17/2014| $88,100.00| 902016| 0302| Single Family, Resi...| 
K6NW2 1 21 0503| 110 TURNBERRY CT| 08/25/2014| $315,000.00| 908179| 0301| Single Family, Resi...| 
K6NW2 1 27 0503| 105 TURNBERRY CT| 05/14/2014| $295,000.00| 903021| 0301| Single Family, Resi...| 
K6NW3 1 7 0503| 120 CHRISTMAS AVE| 08/27/2014| $165,000.00| 908336| 0301| Single Family, Resi...| 
K6NW3B 6 2A-1 0503| 129 WOLF ST| 03/31/2014| $147,000.00| 901188| 0303| Single Family, Resi...| 
K6NW3D 2 1B 0503| 261 PENN ST| 05/27/2014| $139,900.00| 903522| 0303| Single Family, Resi...| 
K6NW3D 2 2 0503| 257 PENN ST| 04/25/2014| $196,500.00| 902310| 0303| Single Family, Resi...| 
K6NW3D 2 6 0503| 237 PENN ST| 06/03/2014| $43,900.00| 904070| 0303| Single Family, Resi...| 
K6NW4B 1 22 0503| 215 OLD FORGE DR| 05/07/2014| $66,000.00| 902706| 0302| Single Family, Resi...| 
K6NW4B 1 30 0503| 131 OLD FORGE DR| 08/04/2014| $65,850.00| 907272| 0302| Single Family, Resi...| 
K6NW4B 1 32 0503| 127 OLD FORGE DR| 08/12/2014| $109,900.00| 907637| 0302| Single Family, Resi...| 
K6NW4B 4 23 0503| 204 OLD FORGE DR| 04/08/2014| $69,000.00| 901592| 0302| Single Family, Resi...| 
K6NW4B 4 28 0503| 126 OLD FORGE DR| 07/07/2014| $62,000.00| 905781| 0302| Single Family, Resi...| 
K6NW4B 6 12 0503| 119 N CHESTNUT ST| 06/18/2014| $47,000.00| 904842| 0303| Single Family, Resi...| 
K6NW4C 12 2B 0503| 148 WASHINGTON ST| 08/18/2014| $159,900.00| 907904| 0303| Single Family, Resi...| 
K6NW4C 13 15A 0503| 339 GREEN ST| 04/04/2014| $70,600.00| 901434| 0303| Single Family, Resi...| 
K6NW4C 24 4 0503| 251 S WALNUT ST| 05/09/2014| $46,728.00| 902820| 0303| Single Family, Resi...| 
K6NW1D 2 12C 0503| 509 OLD FORGE DR| 01/26/2015| $77,000.00| 915540| 0302| Single Family, Resi...| 
K6NW2 1 5 0503| 230 CHRISTMAS AVE| 12/19/2014| $175,000.00| 914297| 0301| Single Family, Resi...| 
K6NW3 1 9 0503| 439 NORTHAMPTON ST| 12/30/2014| $139,900.00| 914631| 0301| Single Family, Resi...| 
K6NW3 4 12 0503| 102 PARKRIDGE DR| 11/12/2014| $289,000.00| 912019| 0301| Single Family, Resi...| 
K6NW3B 3 1A 0503| 608 E NORTHAMPTON ST| 10/16/2014| $177,000.00| 910663| 0303| Single Family, Resi...| 
K6NW4B 1 16 0503| 227 OLD FORGE DR| 01/02/2015| $80,000.00| 914847| 0302| Single Family, Resi...| 
K6NW4B 4 18 0503| 214 OLD FORGE DR| 10/20/2014| $75,000.00| 910765| 0302| Single Family, Resi...| 
K6NW4B 4 19 0503| 212 OLD FORGE DR| 12/22/2014| $99,000.00| 914365| 0302| Single Family, Resi...| 
K6NW4B 4 20 0503| 210 OLD FORGE DR| 10/17/2014| $56,000.00| 910722| 0302| Single Family, Resi...| 
K6NW4B 4 34 0503| 114 OLD FORGE DR| 10/27/2014| $88,000.00| 911120| 0302| Single Family, Resi...| 
K6NW4C 13 15A 0503| 339 GREEN ST| 10/17/2014| $135,000.00| 910724| 0303| Single Family, Resi...| 
K6NW4D 3 3 0503| 358 W MAIN ST| 11/10/2014| $174,000.00| 911951| 0303| Single Family, Resi...| 
K6SW2A 1 2 0503| 410 E MAIN ST| 09/29/2014| $148,000.00| 909714| 0303| Single Family, Resi...| 
K6NW1C 2 5 0503| 277 PARK TERRACE CT| 06/26/2015| $221,000.00| 922038| 0303| Single Family, Resi...| 
K6NW1C 3 1A 0503| 417 OLD FORGE DR| 07/16/2015| $69,000.00| 923298| 0302| Single Family, Resi...| 
K6NW1D 1 6 0503| 518 OLD FORGE DR| 08/25/2015| $75,000.00| 925258| 0302| Single Family, Resi...| 
K6NW2 1 17 0503| 102 TURNBERRY CT| 07/30/2015| $310,000.00| 923930| 0301| Single Family, Resi...| 
K6NW2 1 31 0503| 303 SPYGLASS HILL RD| 06/29/2015| $310,000.00| 922134| 0301| Single Family, Resi...| 
K6NW3 1 12 0503| 105 SPYGLASS HILL RD| 06/30/2015| $217,500.00| 922136| 0301| Single Family, Resi...| 
K6NW3B 1 3 0503| 518 E NORTHAMPTON ST| 05/18/2015| $27,000.00| 920220| 0303| Single Family, Resi...| 
K6NW3D 3 4 0503| 240 PENN ST| 09/17/2015| $162,000.00| 926497| 0303| Single Family, Resi...| 
K6NW3D 5 1 0503| 326 PENN ST| 08/25/2015| $91,800.00| 925260| 0303| Single Family, Resi...| 
K6NW3D 6 3 0503| 418 PENN ST| 08/11/2015| $129,900.00| 924550| 0303| Single Family, Resi...| 
K6NW4B 4 11 0503| 228 OLD FORGE DR| 08/11/2015| $68,000.00| 924632| 0302| Single Family, Resi...| 
K6NW4B 4 6 0503| 345 W MAIN ST| 06/16/2015| $165,000.00| 921560| 0303| Single Family, Resi...| 
K6NW4B 8 4 0503| 135 E NORTHAMPTON ST| 09/02/2015| $105,000.00| 925841| 0303| Single Family, Resi...| 
K6NW4C 2 5 0503| 238 W MAIN ST| 05/05/2015| $118,000.00| 919653| 0303| Single Family, Resi...| 
K6NW4C 24 2 0503| 257 S WALNUT ST| 05/04/2015| $55,000.00| 919598| 0303| Single Family, Resi...| 
K6NW2 1 10 0503| 105 PARKRIDGE DR| 12/10/2015| $187,000.00| 930566| 0301| Single Family, Resi...| 
K6NW2 1 20 0503| 108 TURNBERRY CT| 11/03/2015| $315,000.00| 928980| 0301| Single Family, Resi...| 
K6NW3 3 6 0503| 522 EASTER TER| 01/26/2016| $243,000.00| 932576| 0301| Single Family, Resi...| 
K6NW3B 5 4 0503| 134 WOLF ST| 10/20/2015| $65,000.00| 928129| 0303| Single Family, Resi...| 
K6NW3D 5 1 0503| 326 PENN ST| 03/08/2016| $148,000.00| 934391| 0303| Single Family, Resi...| 
K6NW3D 7 2 0503| 277 E MAIN ST| 03/02/2016| $90,000.00| 934194| 0303| 2 -4 Family, Reside...| 
K6NW4B 4 4 0503| 333 W MAIN ST| 12/14/2015| $158,500.00| 930745| 0303| Single Family, Resi...| 
K6NW4C 13 3 0503| 238 RACE ST| 10/16/2015| $123,500.00| 928053| 0303| Single Family, Resi...| 
K6NW4C 18 5 0503| 118 -120 E MAIN ST| 11/25/2015| $100,000.00| 930049| 0303| Single Family, Resi...| 
K6NW4C 2 6 0503| 236 W MAIN ST| 11/02/2015| $26,000.00| 928892| 0303| Single Family, Resi...| 
K6NW4C 3 2 0503| 253 W MAIN ST| 10/02/2015| $162,000.00| 927274| 0303| Single Family, Resi...| 
K6NW1C 1 4 0503| 250 N CHESTNUT ST| 05/13/2016| $85,000.00| 937359| 0303| Single Family, Resi...| 
K6NW1C 2 4 0503| 275 PARK TERR CT| 05/24/2016| $229,900.00| 937852| 0303| Single Family, Resi...| 
K6NW1D 2 12B 0503| 427 OLD FORGE DR| 07/12/2016| $65,500.00| 940299| 0302| Single Family, Resi...| 
K6NW2 1 13 0503| 201 SPYGLASS HILL RD| 09/13/2016| $275,000.00| 943392| 0301| Single Family, Resi...| 
K6NW2 1 37 0503| 315 SPYGLASS HILL RD| 08/04/2016| $283,000.00| 941632| 0301| Single Family, Resi...| 
K6NW2 2 17 0503| 111 SPYGLASS CT| 06/28/2016| $299,000.00| 939484| 0301| Single Family, Resi...| 
K6NW3 1 12 0503| 105 SPYGLASS HILL RD| 07/05/2016| $324,900.00| 939950| 0301| Single Family, Resi...| 
K6NW3 2 16 0503| 221 CHRISTMAS AVE| 09/08/2016| $245,000.00| 943217| 0301| Single Family, Resi...| 
K6NW3 2 3 0503| 218 MEMORIAL DR| 08/10/2016| $299,900.00| 941820| 0301| Single Family, Resi...| 
K6NW3A 2 5 0503| 114 WASHINGTON ST| 04/18/2016| $133,750.00| 936128| 0303| Single Family, Resi...| 
K6NW3A 3 2 0503| 214 E NORTHAMPTON ST| 06/15/2016| $32,500.00| 938838| 0303| Single Family, Resi...| 
K6NW3B 5 2 0503| 130 WOLF ST| 06/02/2016| $142,000.00| 938276| 0303| Single Family, Resi...| 
K6NW3D 3 5 0503| 242 PENN ST| 07/25/2016| $162,500.00| 940960| 0303| Single Family, Resi...| 
K6NW4B 4 22 0503| 206 OLD FORGE DR| 03/22/2016| $66,000.00| 934903| 0302| Single Family, Resi...| 
K6NW4B 4 22 0503| 206 OLD FORGE DR| 03/22/2016| $66,000.00| 935445| 0302| Single Family, Resi...| 
K6NW4B 7 8 0503| 127 N WALNUT ST| 04/18/2016| $142,157.00| 936130| 0303| Single Family, Resi...| 
K6NW4B 8 7 0503| 121 E NORTHAMPTON ST| 05/09/2016| $110,000.00| 937118| 0303| Single Family, Resi...| 
K6NW4C 12 6 0503| 143 E MAIN ST| 07/01/2016| $146,000.00| 939816| 0303| Single Family, Resi...| 
K6NW4C 2 1A 0503| 249 WEST ST| 06/01/2016| $147,000.00| 938200| 0303| Single Family, Resi...| 
K6NW4C 20 2A 0503| 281 RACE ST| 07/20/2016| $165,000.00| 940828| 0303| Single Family, Resi...| 
K6NW4C 24 11 0503| 225 S WALNUT ST| 03/29/2016| $165,000.00| 935269| 0303| Single Family, Resi...| 
K6NW4C 8 1 0503| 122 WASHINGTON ST| 03/23/2016| $120,000.00| 934995| 0303| Single Family, Resi...| 
K6NW4C 9 3 0503| 337 WEST ST| 08/25/2016| $40,000.00| 942536| 0303| Single Family, Resi...| 
K6SW2B 2 5A-1 0503| 534 E MAIN ST| 04/13/2016| $60,000.00| 935903| 0303| Single Family, Resi...| 
K6 10 5 0503| 333 S WALNUT ST| 09/30/2016| $142,000.00| 944241| 0303| Single Family, Resi...| 
K6NW1D 2 1 0503| 224 CREEK RD| 09/23/2016| $89,500.00| 943896| 0302| Single Family, Resi...| 
K6NW1D 2 12E 0503| 503 OLD FORGE DR| 01/25/2017| $80,000.00| 949841| 0302| Single Family, Resi...| 
K6NW2 1 10 0503| 105 PARKRIDGE DR| 09/22/2016| $310,000.00| 943798| 0301| Single Family, Resi...| 
K6NW2 1 31 0503| 303 SPYGLASS HILL RD| 10/03/2016| $315,000.00| 944369| 0301| Single Family, Resi...| 
K6NW2 3 4 0503| 608 INDEPENDENCE AVE| 01/30/2017| $225,000.00| 950019| 0301| Single Family, Resi...| 
K6NW2 4 10 0503| 508 INDEPENDENCE AVE| 02/01/2017| $225,000.00| 950135| 0301| Single Family, Resi...| 
K6NW3 1 10 0503| 101 SPYGLASS HILL RD| 10/07/2016| $245,000.00| 944613| 0301| Single Family, Resi...| 
K6NW3 2 14 0503| 217 CHRISTMAS AVE| 10/03/2016| $215,995.00| 944371| 0301| Single Family, Resi...| 
K6NW3B 1 3 0503| 518 E NORTHAMPTON ST| 02/15/2017| $185,000.00| 950667| 0303| Single Family, Resi...| 
K6NW3D 13 3 0503| 316 E MAIN ST| 02/02/2017| $120,000.00| 950215| 0303| Single Family, Resi...| 
K6NW3D 13 4 0503| 322 E MAIN ST| 12/12/2016| $160,000.00| 947642| 0303| Single Family, Resi...| 
K6NW4B 7 8 0503| 127 N WALNUT ST| 12/27/2016| $114,900.00| 948391| 0303| Single Family, Resi...| 
K6NW4C 13 6 0503| 301 GREEN ST| 11/28/2016| $59,000.00| 946907| 0303| Single Family, Resi...| 
K6NW4C 17 6 0503| 110 W MAIN ST| 02/08/2017| $102,000.00| 950506| 0303| 2 -4 Family, Reside...| 
K6NW4C 19 1 0503| 270 RACE ST| 12/12/2016| $111,000.00| 947644| 0303| Single Family, Resi...| 
K6NW4C 5 3 0503| 104 S CHESTNUT ST| 09/29/2016| $113,000.00| 944151| 0303| Single Family, Resi...| 
K6NW4C 9 3 0503| 337 WEST ST| 02/22/2017| $148,000.00| 950826| 0303| Single Family, Resi...| 
K6NW4D 3 7 0503| 216 MULBERRY ST| 10/26/2016| $98,000.00| 945429| 0303| Single Family, Resi...| 
K6 4 4A-2 0503| 126 WORMAN RD| 04/18/2017| $219,900.00| 953412| 0303| Single Family, Resi...| 
K6NW1D 1 9 0503| 512 OLD FORGE DR| 08/03/2017| $109,900.00| 959152| 0302| Single Family, Resi...| 
K6NW2 3 11 0503| 225 MEMORIAL DR| 08/17/2017| $275,000.00| 959828| 0301| Single Family, Resi...| 
K6NW2 6 2 0503| 306 SPYGLASS HILL RD| 08/24/2017| $318,000.00| 960181| 0301| Single Family, Resi...| 
K6NW3 2 11 0503| 515 EASTER TER| 08/03/2017| $200,000.00| 959230| 0301| Single Family, Resi...| 
K6NW3 3 9 0503| 535 NORTHAMPTON ST| 03/24/2017| $48,000.00| 952303| 0301| Single Family, Resi...| 
K6NW3B 6 2A-1 0503| 129 WOLF ST| 03/31/2017| $170,000.00| 952641| 0303| Single Family, Resi...| 
K6NW3C 9 1 0503| 511 E MAIN ST| 08/28/2017| $106,000.00| 960273| 0303| 2 -4 Family, Reside...| 
K6NW3D 3 12 0503| 263 E MAIN ST| 08/24/2017| $129,900.00| 960183| 0303| Single Family, Resi...| 
K6NW3D 6 7 0503| 232 BROAD ST| 03/30/2017| $136,500.00| 952537| 0303| Single Family, Resi...| 
K6NW3D 7 2 0503| 277 E MAIN ST| 08/07/2017| $270,000.00| 959318| 0303| 2 -4 Family, Reside...| 
K6NW4B 1 24 0503| 211 OLD FORGE DR| 07/06/2017| $100,000.00| 957600| 0302| Single Family, Resi...| 
K6NW4B 1 31 0503| 129 OLD FORGE DR| 07/03/2017| $65,500.00| 957452| 0302| Single Family, Resi...| 
K6NW4B 4 60 0503| 410 OLD FORGE DR| 08/31/2017| $92,000.00| 960497| 0302| Single Family, Resi...| 
K6NW4B 4 7 0503| 355 W MAIN ST| 05/18/2017| $99,000.00| 954965| 0303| Single Family, Resi...| 
K6NW4B 6 8 0503| 112 N WALNUT ST| 07/27/2017| $120,000.00| 958623| 0303| Single Family, Resi...| 
K6NW4B 7 11A 0503| 145 N WALNUT ST| 06/08/2017| $145,000.00| 956153| 0303| Single Family, Resi...| 
K6NW4C 13 5 0503| 251 GREEN ST| 04/07/2017| $45,650.00| 953034| 0303| Single Family, Resi...| 
K6NW4C 20 4 0503| 221 RACE ST| 07/12/2017| $79,900.00| 957914| 0303| Single Family, Resi...| 
K6NW4C 24 3 0503| 253 S WALNUT ST| 04/19/2017| $94,000.00| 953479| 0303| Single Family, Resi...| 
K6NW4C 5 5 0503| 114 S CHESTNUT ST| 07/19/2017| $116,000.00| 958257| 0303| 2 -4 Family, Reside...| 
K6 5 17 0503| 301 SLEEPY HOLLOW RD| 11/13/2017| $225,000.00| 964279| 0303| Single Family, Resi...| 
K6NW2 1 2 0503| 240 CHRISTMAS AVE| 11/13/2017| $191,000.00| 964283| 0301| Single Family, Resi...| 
K6NW2 1 28 0503| 103 TURNBERRY CT| 12/04/2017| $325,500.00| 965385| 0301| Single Family, Resi...| 
K6NW2 1 29 0503| 101 TURNBERRY ST| 11/02/2017| $325,000.00| 963829| 0301| Single Family, Resi...| 
K6NW3 1 12 0503| 105 SPYGLASS HILL RD| 12/18/2017| $329,000.00| 965971| 0301| Single Family, Resi...| 
K6NW3 1 24 0503| 127 SPYGLASS HILL RD| 11/03/2017| $335,000.00| 963989| 0301| Single Family, Resi...| 
K6NW3 2 8 0503| 523 EASTER TER| 10/23/2017| $215,900.00| 963221| 0301| Single Family, Resi...| 
K6NW3A 2 6 0503| 108 CRAIG ST| 09/20/2017| $105,000.00| 961578| 0303| Single Family, Resi...| 
K6NW3D 3 3 0503| 236 PENN ST| 01/25/2018| $88,500.00| 967508| 0303| Single Family, Resi...| 
K6NW3D 6 4 0503| 420 PENN ST| 09/26/2017| $50,000.00| 961770| 0303| Single Family, Resi...| 
K6NW4B 1 20 0503| 219 OLD FORGE DR| 10/03/2017| $160,000.00| 962225| 0302| Single Family, Resi...| 
K6NW4B 1 33 0503| 125 OLD FORGE DR| 11/06/2017| $106,000.00| 964068| 0302| Single Family, Resi...| 
K6NW4B 4 21 0503| 208 OLD FORGE DR| 10/03/2017| $160,000.00| 962227| 0302| Single Family, Resi...| 
K6NW4B 4 34 0503| 114 OLD FORGE DR| 12/29/2017| $77,770.00| 966545| 0302| Single Family, Resi...| 
K6NW4B 8 9 0503| 109 E NORTHAMPTON ST| 10/30/2017| $205,000.00| 963606| 0303| Single Family, Resi...| 
K6NW4C 11 3 0503| 111 W MAIN ST| 12/05/2017| $130,000.00| 965469| 0303| Single Family, Resi...| 
K6NW4C 13 1 0503| 218 RACE ST| 10/19/2017| $76,000.00| 963084| 0303| Single Family, Resi...| 
K6NW4C 2 6 0503| 236 W MAIN ST| 12/04/2017| $85,000.00| 965387| 0303| Single Family, Resi...| 
K6SW2B 2 5A 0503| 532 E MAIN ST| 02/27/2018| $81,000.00| 968605| 0303| Single Family, Resi...| 
K6 5 22 0503| 325 N WALNUT ST| 08/27/2018| $275,000.00| 978518| 0303| Single Family, Resi...| 
K6 5 8 0503| 231 NORTHAMPTON ST| 07/26/2018| $158,350.00| 976754| 0303| Single Family, Resi...| 
K6NW3D 10 11 050...| 241 POPLAR ST| 07/25/2018| $198,000.00| 983624| 0303| Single Family, Resi...| 
K6NW3D 10 6A 0503| 266 BROAD ST| 05/08/2018| $140,000.00| 972018| 0303| Single Family, Resi...| 
K6NW3D 13 6 0503| 336 E MAIN ST| 09/11/2018| $110,000.00| 979467| 0303| Single Family, Resi...| 
K6NW3D 3 6 0503| 250 PENN ST| 04/27/2018| $179,500.00| 971461| 0303| Single Family, Resi...| 
K6NW3D 6 9 0503| 233 POPLAR ST| 09/20/2018| $123,000.00| 980019| 0303| Single Family, Resi...| 
K6NW4B 1 44 0503| 103 OLD FORGE DR| 09/05/2018| $95,000.00| 979284| 0302| Single Family, Resi...| 
K6NW4B 4 7 0503| 355 W MAIN ST| 06/05/2018| $250,000.00| 973722| 0303| Single Family, Resi...| 
K6NW4B 9 8 0503| 142 E NORTHAMPTON ST| 03/23/2018| $39,000.00| 969789| 0303| Single Family, Resi...| 
K6NW4C 8 3 0503| 134 WASHINGTON ST| 08/30/2018| $137,000.00| 978685| 0303| Single Family, Resi...| 
K6SW2B 2 5A 0503| 532 E MAIN ST| 06/11/2018| $149,900.00| 974027| 0303| Single Family, Resi...| 
K6SW2B 2 5B 0503| 614 E MAIN ST| 05/04/2018| $85,400.00| 971955| 0303| Single Family, Resi...| 
K6SW2B 2 5D 0503| 618 E MAIN ST| 08/17/2018| $80,000.00| 978001| 0303| Single Family, Resi...| 
K6 4 4A 0503| 114 WORMAN RD| 12/12/2018| $210,000.00| 984131| 0303| Single Family, Resi...| 
K6 5 7A 0503| 235 NORTHAMPTON ST| 12/28/2018| $195,000.00| 984685| 0303| Single Family, Resi...| 
K6NW1C 1 1A 0503| 270 N CHESTNUT ST| 02/28/2019| $189,000.00| 987193| 0303| Single Family, Resi...| 
K6NW1D 1 7 0503| 516 OLD FORGE DR| 12/31/2018| $62,500.00| 984817| 0302| Single Family, Resi...| 
K6NW2 2 27 0503| 402 SPYGLASS HILL RD| 11/01/2018| $336,000.00| 982185| 0301| Single Family, Resi...| 
K6NW3 1 23 0503| 125 SPYGLASS HILL RD| 12/24/2018| $305,000.00| 984581| 0301| Single Family, Resi...| 
K6NW3 2 16 0503| 221 CHRISTMAS AVE| 12/31/2018| $250,000.00| 984819| 0301| Single Family, Resi...| 
K6NW3B 1 2 0503| 512 E NORTHAMPTON ST| 10/24/2018| $53,500.00| 981710| 0303| Single Family, Resi...| 
K6NW3C 3 3A 0503| 530 PENN ST| 03/05/2019| $77,000.00| 987419| 0303| Single Family, Resi...| 
K6NW3D 2 10 0503| 129 WABASH AVE| 10/22/2018| $25,000.00| 981545| 0303| Single Family, Resi...| 
K6NW3D 2 9 0503| 131 WABASH AVE| 12/28/2018| $80,000.00| 984687| 0303| Single Family, Resi...| 
K6NW3D 3 3 0503| 236 PENN ST| 11/02/2018| $175,000.00| 982187| 0303| Single Family, Resi...| 
K6NW4B 1 19 0503| 221 OLD FORGE DR| 10/09/2018| $76,507.00| 980870| 0302| Single Family, Resi...| 
K6NW4B 4 23 0503| 204 OLD FORGE DR| 11/15/2018| $103,000.00| 982813| 0302| Single Family, Resi...| 
K6NW4B 4 26 0503| 130 OLD FORGE DR| 01/16/2019| $87,900.00| 985528| 0302| Single Family, Resi...| 
K6NW4B 8 1 0503| 151 E NORTHAMPTON ST| 01/24/2019| $94,000.00| 985808| 0303| Single Family, Resi...| 
K6NW4B 9 8 0503| 142 E NORTHAMPTON ST| 03/06/2019| $59,000.00| 987471| 0303| Single Family, Resi...| 
K6NW4C 1 2 0503| 346 W MAIN ST| 10/09/2018| $195,000.00| 980921| 0303| Single Family, Resi...| 
K6NW4C 13 1 0503| 218 RACE ST| 02/22/2019| $164,000.00| 986999| 0303| Single Family, Resi...| 
K6SW2B 1 5 0503| 513 E MAIN ST| 12/05/2018| $121,000.00| 983750| 0303| Single Family, Resi...| 
