Parcel|Address|Date|Price|dc1|dc2|Use|dc3
B11SE3C6 3 0127| 525 DELAWARE AVE| 03/16/2009| $198,189.00| 824126| 2701| Single Family, Resi...| 
C11NE2A1 1A 0127| 503 HIGH ST| 06/23/2009| $185,000.00| 828028| 2701| Single Family, Resi...| 
C11NE2A1 2A 0127| 304 -06 MAIN ST| 04/01/2009| $85,000.00| 824765| 2701| 2 -4 Family, Reside...| 
C11NE2A1 2A 0127| 304 -06 MAIN ST| 04/01/2009| $85,000.00| 824763| 2701| 2 -4 Family, Reside...| 
C11NE2B8 1 0127| 217 STATE ST| 04/28/2009| $189,000.00| 825775| 2701| Single Family, Resi...| 
B11SE3A5 7 0127| 718 DELAWARE AVE| 10/15/2009| $179,500.00| 832744| 2701| Single Family, Resi...| 
B11SE3A6 1 0127| 615 DELAWARE AVE| 12/04/2009| $170,000.00| 835144| 2701| Single Family, Resi...| 
C11NE2B4 3 0127| 113 MAIN ST| 12/04/2009| $172,000.00| 835146| 2701| Single Family, Resi...| 
C11 1 2F 0127| 405 ZEMAN ST| 11/10/2010| $198,000.00| 848813| 2701| Single Family, Resi...| 
C11 4 6 0127| 300 DELAWARE AVE| 11/03/2010| $340,000.00| 848510| 2701| Single Family, Resi...| 
C11NE2A3 6 0127| NORTHAMPTON ST| 10/04/2010| $92,000.00| 847333| 2701| Single Family, Resi...| 
C11NE2B2 1 0127| 502 COFFIN ALY| 10/26/2010| $56,000.00| 848105| 2701| Single Family, Resi...| 
C11 1 1D 0127| 407 JONES ST| 05/16/2011| $146,000.00| 855224| 2701| Single Family, Resi...| 
C11 3 4 0127| 308 STATE ST| 08/08/2011| $195,000.00| 859014| 2701| Single Family, Resi...| 
C11NE2B2 1 0127| 502 COFFIN ALY| 09/09/2011| $131,000.00| 860089| 2701| Single Family, Resi...| 
B11SE3D1 3 0127| 619 WASHINGTON ST| 11/14/2011| $58,800.00| 862475| 2701| Single Family, Resi...| 
C11NE2B4 2 0127| 115 MAIN ST| 10/12/2011| $45,000.00| 861323| 2701| Single Family, Resi...| 
B11SE3A7 1 0127| 625 WASHINGTON ST| 09/10/2012| $60,000.00| 875013| 2701| Single Family, Resi...| 
C11 1 2E 0127| 406 BRUCE ST| 05/08/2012| $158,999.00| 868955| 2701| Single Family, Resi...| 
C11 1 2G 0127| 304 BRUCE ST| 07/10/2012| $170,000.00| 871653| 2701| Single Family, Resi...| 
C11NE2B4 2 0127| 115 MAIN ST| 06/08/2012| $135,000.00| 870315| 2701| Single Family, Resi...| 
C11NE2B4 8 0127| 102 DIVISION ST| 07/10/2012| $101,000.00| 871655| 2701| Single Family, Resi...| 
C11NE2B5 3 0127| 403 PENNSYLVANIA AVE| 06/29/2012| $96,000.00| 871207| 2701| Single Family, Resi...| 
C11NE2B4 10 0127| 106 DIVISION ST| 03/05/2013| $105,000.00| 881919| 2701| Single Family, Resi...| 
B11SE3A5 5 0127| 708 DELAWARE AVE| 07/31/2013| $115,000.00| 889991| 2701| Single Family, Resi...| 
B11SE3A7 1 0127| 625 WASHINGTON ST| 08/28/2013| $135,000.00| 891348| 2701| Single Family, Resi...| 
C11NE2B5 2 0127| 405 PENNSYLVANIA AVE| 03/26/2013| $65,000.00| 882857| 2701| Single Family, Resi...| 
C11NE2B7 1 0127| 401 PENNSYLVANIA AVE| 08/19/2013| $60,000.00| 890953| 2701| Single Family, Resi...| 
B11SE3A1 9 0127| 705 HILLCREST DR| 11/27/2013| $178,000.00| 896383| 2701| Single Family, Resi...| 
C11 1 1D 0127| 407 JONES ST| 12/19/2013| $145,000.00| 897408| 2701| Single Family, Resi...| 
C11NE2A1 3 0127| 308 MAIN ST| 12/04/2013| $45,000.00| 896711| 2701| Single Family, Resi...| 
C11NE2A1 5 0127| 501 COLLINS ST| 09/24/2013| $166,000.00| 893018| 2701| Single Family, Resi...| 
C11NE2A2 5 0127| HIGH ST| 09/17/2013| $160,000.00| 892605| 2701| Single Family, Resi...| 
B11SE3C6 2 0127| 527 DELAWARE AVE| 07/25/2014| $38,000.00| 906712| 2701| Single Family, Resi...| 
C11NE2B2 2 0127| 110 MAIN ST| 06/16/2014| $68,500.00| 904616| 2701| Single Family, Resi...| 
C11NE2B7 2 0127| 200 -202 STATE ST| 04/28/2014| $112,000.00| 902348| 2701| 2 -4 Family, Reside...| 
B11SE3A1 5 0127| 704 HILLCREST DR| 09/18/2014| $145,000.00| 909324| 2701| Single Family, Resi...| 
B11SE3C6 2 0127| 527 DELAWARE AVE| 02/25/2015| $47,500.00| 916854| 2701| Single Family, Resi...| 
B11SE3C6 8 0127| 517 DELAWARE AVE| 12/22/2014| $75,000.00| 914275| 2701| Single Family, Resi...| 
C11NE2A2 3 0127| 300 MAIN ST| 11/04/2014| $56,800.00| 911536| 2701| Single Family, Resi...| 
C11NE2A2 3A 0127| 501 NORTHAMPTON ST| 09/22/2014| $70,000.00| 909441| 2701| Single Family, Resi...| 
C11NE2B7 9 0127| 222 STATE ST| 02/19/2015| $35,000.00| 916655| 2701| Single Family, Resi...| 
C11NE2B8 1 0127| 217 STATE ST| 02/18/2015| $85,568.00| 916585| 2701| Single Family, Resi...| 
B11SE3A7 1 0127| 625 WASHINGTON ST| 06/24/2015| $148,000.00| 921878| 2701| Single Family, Resi...| 
C11NE2A2 3 0127| 300 MAIN ST| 04/13/2015| $165,000.00| 918605| 2701| Single Family, Resi...| 
C11NE2A2 7 0127| CRESTMONT RD| 06/04/2015| $233,000.00| 920995| 2701| Single Family, Resi...| 
C11NE2B4 7 0127| 107 MAIN ST| 07/28/2015| $167,000.00| 923848| 2701| Single Family, Resi...| 
C11 1 1 0127| 403 BRUCE ST| 11/23/2015| $210,000.00| 929867| 2701| Single Family, Resi...| 
C11NE2B7 9 0127| 222 STATE ST| 01/07/2016| $128,000.00| 931816| 2701| Single Family, Resi...| 
C11NE2B8 4 0127| 209 -211 STATE ST| 02/24/2016| $90,000.00| 933818| 2701| 2 -4 Family, Reside...| 
B11SE3A6 2 0127| 613 DELAWARE AVE| 04/04/2016| $205,000.00| 935538| 2701| Single Family, Resi...| 
C11NE2B1 4 0127| 501 PENNSYLVANIA AVE| 04/28/2016| $99,900.00| 936536| 2701| Single Family, Resi...| 
B11SE3C6 19 0127| 108 MAIN ST| 11/22/2016| $64,000.00| 946644| 2701| Single Family, Resi...| 
B11SE3D1 9 0127| 607 WASHINGTON ST| 12/29/2016| $62,000.00| 948463| 2701| Single Family, Resi...| 
C11NE2A2 1 0127| 505 NORTHAMPTON ST| 02/15/2017| $80,000.00| 950690| 2701| Single Family, Resi...| 
C11NE2B3 4 0127| 202 DIVISION ST| 02/07/2017| $62,000.00| 950420| 2701| Single Family, Resi...| 
C11NE2B4 2 0127| 115 MAIN ST| 12/30/2016| $140,000.00| 948553| 2701| Single Family, Resi...| 
B11SE3A1 10 0127| 707 HILLCREST DR| 05/09/2017| $208,000.00| 954497| 2701| Single Family, Resi...| 
B11SE3A2 3 0127| 713 DELAWARE AVE| 08/10/2017| $150,000.00| 959550| 2701| Single Family, Resi...| 
B11SE3C3 2 0127| 533 DELAWARE AVE| 07/11/2017| $208,000.00| 957884| 2701| Single Family, Resi...| 
B11SE3C3 2 0127| 533 DELAWARE AVE| 07/11/2017| $208,000.00| 957882| 2701| Single Family, Resi...| 
B11SE3D1 9 0127| 607 WASHINGTON ST| 07/27/2017| $134,900.00| 958673| 2701| Single Family, Resi...| 
B11SE3D7 1 0127| 601 PENNSYLVANIA AVE| 05/11/2017| $112,000.00| 954575| 2701| Single Family, Resi...| 
C11NE2B2 2 0127| 110 MAIN ST| 08/03/2017| $137,000.00| 959106| 2701| Single Family, Resi...| 
C11NE2B3 4 0127| 202 DIVISION ST| 06/23/2017| $160,000.00| 956941| 2701| Single Family, Resi...| 
B11SE3C6 2 0127| 527 DELAWARE AVE| 03/19/2018| $192,000.00| 969514| 2701| Single Family, Resi...| 
B11SE3D5 1 0127| 1ST ST| 11/07/2017| $55,000.00| 964111| 2701| Single Family, Resi...| 
C11NE2A2 5 0127| HIGH ST| 01/25/2018| $125,000.00| 967494| 2701| Single Family, Resi...| 
B11SE3A5 6 0127| 712 DELAWARE AVE| 01/17/2019| $260,000.00| 985514| 2701| 2 -4 Family, Reside...| 
C11 1 1 0127| 403 BRUCE ST| 10/22/2018| $246,000.00| 981509| 2701| Single Family, Resi...| 
C11NE2B2 1 0127| 502 COFFIN ALY| 10/02/2018| $146,000.00| 980522| 2701| Single Family, Resi...| 
