Parcel|Address|Date|Price|dc1|dc2|Use|dc3
D9SE1A 3 1 0128| 728 MARCONI AVE| 06/04/2009| $75,000.00| 827253| 2801| Single Family, Resi...| 
D9SE1A 4 7 0128| 720 PENNSYLVANIA AVE| 08/06/2009| $154,000.00| 829858| 2801| Single Family, Resi...| 
D9SE1A 6 2 0128| 716 ROOSEVELT ST| 04/28/2009| $65,000.00| 825740| 2801| Single Family, Resi...| 
D9SE1C 7 1 0128| 160 ROSETO AVE| 05/05/2009| $119,000.00| 826133| 2801| Single Family, Resi...| 
D9SE1C 8 5 0128| 210 ROSETO AVE| 08/03/2009| $90,000.00| 829673| 2801| Single Family, Resi...| 
D9SE1A 10 10A 0128| 606 PENNSYLVANIA AVE| 03/04/2010| $165,000.00| 838702| 2801| Single Family, Resi...| 
D9SE1A 15 6 0128| 506 GARIBALDI AVE| 12/30/2009| $135,000.00| 836236| 2801| Single Family, Resi...| 
D9SE1C 13 2 0128| 158 MARTINO AVE| 10/01/2009| $60,000.00| 832125| 2801| Single Family, Resi...| 
D9 16 16 0128| SHOUP ST| 05/18/2010| $195,000.00| 841471| 0201| Rural Prop w/ Resid...| 
D9SE1A 3 1 0128| 728 MARCONI AVE| 06/11/2010| $151,000.00| 842724| 2801| Single Family, Resi...| 
D9SE1A 6 1A 0128| 720 ROOSEVELT ST| 06/04/2010| $80,000.00| 842356| 2801| Single Family, Resi...| 
D9SE1D 9 3 0128| 308 LIBERTY AVE| 09/13/2010| $130,000.00| 846461| 2801| Single Family, Resi...| 
D9SE4A 7 7 0128| 112 GARIBALDI AVE| 08/02/2010| $80,169.00| 844718| 2801| Single Family, Resi...| 
D9SW2C 12 8 0128| 601 FRONT ST| 09/10/2010| $119,000.00| 846318| 2801| Single Family, Resi...| 
D9SW2C 3 2 0128| 459 BANGOR JUNCTION RD| 08/30/2010| $65,000.00| 845806| 2801| Single Family, Resi...| 
D9SE1A 6 1A 0128| 720 ROOSEVELT ST| 10/26/2010| $157,000.00| 848201| 2801| Single Family, Resi...| 
D9SE1B 1 19 0128| 611 ROSETO AVE| 11/30/2010| $66,000.00| 849413| 2801| Single Family, Resi...| 
D9SE1D 14 21 0128| 11 DANTE ST| 02/15/2011| $63,000.00| 852222| 2801| Single Family, Resi...| 
D9SE1D 8 10 0128| 333 FALCONE AVE| 10/22/2010| $124,972.00| 848052| 2801| Single Family, Resi...| 
D9SE1D 9 5 0128| 304 LIBERTY AVE| 10/20/2010| $135,000.00| 847942| 2801| Single Family, Resi...| 
D9SE4A 12 2 0128| 94 DANTE ST| 11/17/2010| $165,000.00| 848981| 2801| Single Family, Resi...| 
D9SE4A 4 5 0128| 311 FALCONE AVE| 12/30/2010| $110,000.00| 850676| 2801| Single Family, Resi...| 
D9SE4A 6 10A 0128| 38 DEWEY ST| 01/25/2011| $55,000.00| 882542| 2801| Single Family, Resi...| 
D9SW2C 3 1 0128| 435 BANGOR JUNCTION RD| 01/24/2011| $164,000.00| 851464| 2801| Single Family, Resi...| 
D9 16 4E-1 0128| 495 SLATE BELT BLVD| 06/13/2011| $275,000.00| 856382| 2801| Single Family, Resi...| 
D9SE1A 3 14 0128| 721 GARIBALDI AVE| 05/31/2011| $47,000.00| 855756| 2801| Single Family, Resi...| 
D9SE1A 8 7A 0128| 708 GARIBALDI AVE| 06/30/2011| $100,000.00| 856983| 2801| Single Family, Resi...| 
D9SE1C 7 6 0128| 157 GARIBALDI AVE| 05/13/2011| $45,000.00| 855194| 2801| Single Family, Resi...| 
D9SE1D 14 19 0128| 17 DANTE ST| 06/15/2011| $219,000.00| 856468| 2801| Single Family, Resi...| 
D9SE1D 14 21 0128| 11 DANTE ST| 09/12/2011| $135,000.00| 860149| 2801| Single Family, Resi...| 
D9SW2C 12 9 0128| 607 FRONT ST| 03/31/2011| $71,592.00| 853794| 2801| Single Family, Resi...| 
D9 16 4N 0128| 209 KENNEDY DR| 11/22/2011| $150,000.00| 862760| 2801| Single Family, Resi...| 
D9SE1B 1 19 0128| 611 ROSETO AVE| 11/29/2011| $119,000.00| 863001| 2801| Single Family, Resi...| 
D9SE1C 9 7 0128| 211 ROSETO AVE| 02/09/2012| $34,000.00| 865742| 2801| Single Family, Resi...| 
D9SE1D 15 9 0128| 131 CHESTNUT ST| 01/27/2012| $67,000.00| 865195| 2801| Single Family, Resi...| 
D9SE1D 2 1A 0128| 17 JEWEL ST| 11/21/2011| $65,000.00| 862680| 2801| Single Family, Resi...| 
D9SE1D 2 9A 0128| 402 GARIBALDI AVE| 11/14/2011| $95,000.00| 862477| 2801| Single Family, Resi...| 
D9SE4A 5 2 0128| 52 DEWEY ST| 03/09/2012| $99,000.00| 866854| 2801| Single Family, Resi...| 
D9SE4A 9 7 0128| 94 CHESTNUT ST| 01/13/2012| $134,000.00| 864673| 2801| Single Family, Resi...| 
D9SW2B 6 3 0128| 27 MT CARMEL ST| 12/05/2011| $144,000.00| 863198| 2801| Single Family, Resi...| 
D9SW2B 7 7 0128| 625 FALCONE AVE| 03/13/2012| $230,000.00| 866935| 2801| Single Family, Resi...| 
D9SE1A 17 1 0128| 517 PENNSYLVANIA AVE| 04/19/2012| $124,000.00| 868113| 2801| Single Family, Resi...| 
D9SE1C 1 2 0128| 24 E COLUMBUS ST| 08/13/2012| $70,000.00| 873497| 2801| Single Family, Resi...| 
D9SE1C 1 4 0128| 16 -18 E COLUMBUS ST| 08/21/2012| $133,000.00| 873963| 2801| 2 -4 Family, Reside...| 
D9SE1C 3 5 0128| 303 MAPLE ST| 07/03/2012| $42,000.00| 871344| 2801| Single Family, Resi...| 
D9SE1C 9 3 0128| 35 MAPLE ST| 04/23/2012| $127,000.00| 868310| 2801| Single Family, Resi...| 
D9SE1D 14 15 0128| 129 LINCOLN AVE| 06/18/2012| $41,000.00| 870736| 2801| Single Family, Resi...| 
D9SE1D 15 10 0128| 133 CHESTNUT ST| 06/04/2012| $48,000.00| 870040| 2801| Single Family, Resi...| 
D9SE4A 3 2 0128| 318 FALCONE AVE| 06/29/2012| $80,000.00| 871215| 2801| Single Family, Resi...| 
D9 16 4E 0128| 499 SLATE BELT BLVD| 09/17/2012| $175,000.00| 875259| 2801| Single Family, Resi...| 
D9 5 25 0128| 4 NORTH ST| 02/21/2013| $160,000.00| 881433| 2801| Single Family, Resi...| 
D9NW3C 2 1A 0128| 834 GARIBALDI AVE| 10/02/2012| $102,500.00| 876023| 2801| Single Family, Resi...| 
D9SE1B 3 5 0128| 414 MAPLE ST| 12/04/2012| $78,000.00| 878392| 2801| Single Family, Resi...| 
D9SE1C 9 7 0128| 211 ROSETO AVE| 09/21/2012| $101,916.00| 875442| 2801| Single Family, Resi...| 
D9SE1D 2 13A 0128| 411 LIBERTY AVE| 10/02/2012| $133,000.00| 876025| 2801| Single Family, Resi...| 
D9SE1D 2 1A 0128| 17 JEWEL ST| 09/25/2012| $138,000.00| 875658| 2801| Single Family, Resi...| 
D9SW2B 2 1 0128| 822 ROOSEVELT AVE| 12/18/2012| $135,000.00| 879073| 2801| Single Family, Resi...| 
D9 16 20B 0128| 328 KENNEDY DR| 05/01/2013| $220,000.00| 884518| 2802| Single Family, Resi...| 
D9 5 38 0128| 837 GARIBALDI AVE| 07/31/2013| $146,900.00| 889999| 2801| Single Family, Resi...| 
D9NW3C 2 2 0128| 832 GARIBALDI AVE| 08/05/2013| $185,000.00| 890371| 2801| Single Family, Resi...| 
D9SE1A 10 2 0128| 615 GARIBALDI AVE| 09/11/2013| $143,500.00| 892246| 2801| Single Family, Resi...| 
D9SE1A 2 1 0128| 806 GARIBALDI AVE| 05/31/2013| $132,000.00| 886106| 2801| Single Family, Resi...| 
D9SE1B 1 16 0128| 601 ROSETO AVE| 05/07/2013| $137,000.00| 884768| 2801| Single Family, Resi...| 
D9SE1C 2 1A 0128| 23 E COLUMBUS ST| 06/17/2013| $144,250.00| 886904| 2801| Single Family, Resi...| 
D9SE1D 11 3 0128| 211 GARIBALDI AVE| 04/10/2013| $117,900.00| 883598| 2801| Single Family, Resi...| 
D9SE1D 14 16A 0128| 27 DANTE ST| 09/06/2013| $94,900.00| 891914| 2801| Single Family, Resi...| 
D9SE4A 3 2 0128| 318 FALCONE AVE| 04/08/2013| $190,000.00| 883418| 2801| Single Family, Resi...| 
D9SE4B 3 2 0128| 127 ROSETO AVE| 03/28/2013| $115,000.00| 882913| 2801| Single Family, Resi...| 
D9SW2C 10 1 0128| 61 DENISCO ST| 07/11/2013| $90,000.00| 888749| 2801| Single Family, Resi...| 
D9SW2C 12 8 0128| 601 FRONT ST| 09/16/2013| $125,000.00| 892609| 2801| Single Family, Resi...| 
D9SW2C 14 3 0128| 433 FRONT AVE| 06/26/2013| $104,000.00| 887713| 2801| 2 -4 Family, Reside...| 
D9SE1A 17 9A 0128| 501 PENNSYLVANIA AVE| 01/28/2014| $152,500.00| 898701| 2801| Single Family, Resi...| 
D9SE1A 4 7 0128| 720 PENNSYLVANIA AVE| 11/20/2013| $158,000.00| 896094| 2801| Single Family, Resi...| 
D9SE1A 6 3 0128| 710 ROOSEVELT AVE| 12/23/2013| $169,000.00| 897568| 2801| Single Family, Resi...| 
D9SE1D 10 1 0128| 7 W COLUMBUS ST| 02/18/2014| $85,000.00| 899750| 2801| Single Family, Resi...| 
D9SE1D 2 12 0128| 405 LIBERTY AVE| 02/21/2014| $134,500.00| 899961| 2801| Single Family, Resi...| 
D9SE4A 12 5 0128| 102 DANTE ST| 12/23/2013| $144,250.00| 897570| 2801| Single Family, Resi...| 
D9SE4A 7 11 0128| 102 GARIBALDI AVE| 10/30/2013| $35,000.00| 895107| 2801| Single Family, Resi...| 
D9SW2C 10 3 0128| 55 DENISCO ST| 09/19/2013| $100,000.00| 892850| 2801| Single Family, Resi...| 
D9SE1A 15 4 0128| 512 GARIBALDI AVE| 04/16/2014| $60,000.00| 901984| 2801| Single Family, Resi...| 
D9SE1A 16 2 0128| 518 PENNSYLVANIA AVE| 06/17/2014| $160,000.00| 904744| 2801| Single Family, Resi...| 
D9SE1A 6 3A 0128| 706 ROOSEVELT AVE| 04/28/2014| $110,000.00| 902350| 2801| Single Family, Resi...| 
D9SE1C 1 1 0128| 407 OAK ST| 04/28/2014| $80,000.00| 902352| 2801| Single Family, Resi...| 
D9SE4A 4 3 0128| 54 DANTE ST| 04/17/2014| $43,000.00| 901986| 2801| 2 -4 Family, Reside...| 
D9SE4A 5 6 0128| 126 LINCOLN AVE| 09/17/2014| $155,000.00| 909288| 2801| Single Family, Resi...| 
D9SE4A 6 13 0128| 121 LINCOLN AVE| 09/04/2014| $130,000.00| 908758| 2801| Single Family, Resi...| 
D9SE4A 7 5 0128| 120 GARIBALDI AVE| 09/09/2014| $72,000.00| 909009| 2801| Single Family, Resi...| 
D9 16 4B 0128| 502 SLATE BELT BLVD| 10/07/2014| $165,000.00| 910117| 2801| Single Family, Resi...| 
D9SE1D 13 4 0128| 304 OAK ST| 10/24/2014| $50,000.00| 911054| 2801| Single Family, Resi...| 
D9SE1D 15 7 0128| 144 GARIBALDI AVE| 10/21/2014| $30,000.00| 910827| 2801| 2 -4 Family, Reside...| 
D9SE1D 3 3 0128| 411 GARIBALDI AVE| 03/05/2015| $43,000.00| 917130| 2801| Single Family, Resi...| 
D9SE4A 16 2 0128| 131 FRONT AVE| 12/17/2014| $60,000.00| 914052| 2801| Single Family, Resi...| 
D9SE4A 6 10A 0128| 38 DEWEY ST| 09/30/2014| $58,500.00| 909680| 2801| Single Family, Resi...| 
D9 16 20G 0128| 270 KENNEDY DR| 07/27/2015| $282,000.00| 923760| 2802| Single Family, Resi...| 
D9 16 20Q 0128| 239 KENNEDY DR| 06/23/2015| $193,000.00| 921815| 2802| Single Family, Resi...| 
D9SE1A 12 3 0128| LIBERTY AVE| 09/10/2015| $185,000.00| 926135| 2801| Single Family, Resi...| 
D9SE1A 15 4 0128| 512 GARIBALDI AVE| 04/06/2015| $167,375.00| 918404| 2801| Single Family, Resi...| 
D9SE1A 19 4 0128| 405 PENNSYLVANIA AVE| 09/02/2015| $200,000.00| 925799| 2801| Single Family, Resi...| 
D9SE1A 6 2 0128| 716 ROOSEVELT ST| 07/01/2015| $141,000.00| 922277| 2801| Single Family, Resi...| 
D9SE1C 3 2 0128| 313 MAPLE ST| 04/21/2015| $50,000.00| 919023| 2801| Single Family, Resi...| 
D9SE1C 4 6A 0128| 303 MARTINO AVE| 07/22/2015| $179,900.00| 923544| 2801| Single Family, Resi...| 
D9SE1C 8 5 0128| 210 ROSETO AVE| 09/11/2015| $92,000.00| 926209| 2801| Single Family, Resi...| 
D9SE1D 2 8 0128| 410 GARIBALDI AVE| 05/28/2015| $87,500.00| 920498| 2801| Single Family, Resi...| 
D9SE1D 8 1A 0128| LINCOLN AVE| 06/17/2015| $175,000.00| 921590| 2801| Single Family, Resi...| 
D9SE4A 11 6 0128| 84 GARIBALDI AVE| 06/05/2015| $89,900.00| 921122| 2801| Single Family, Resi...| 
D9SW2C 8 3 0128| 515 FALCONE AVE| 07/27/2015| $210,000.00| 923762| 2801| Single Family, Resi...| 
D9NW3C 3 1 0128| 825 ROOSEVELT AVE| 10/02/2015| $114,900.00| 927260| 2801| Single Family, Resi...| 
D9SE1A 1 2 0128| 16 MT CARMEL ST| 12/07/2015| $100,000.00| 930399| 2801| Single Family, Resi...| 
D9SE1A 7 1 0128| 15 MT CARMEL ST| 10/01/2015| $102,000.00| 927186| 2801| Single Family, Resi...| 
D9SE1C 3 2 0128| 313 MAPLE ST| 01/04/2016| $148,000.00| 931661| 2801| Single Family, Resi...| 
D9SE1C 3 9 0128| 25 E COLUMBUS ST| 10/12/2015| $91,000.00| 927651| 2801| Single Family, Resi...| 
D9SE1C 7 6 0128| 157 GARIBALDI AVE| 12/04/2015| $88,000.00| 930359| 2801| Single Family, Resi...| 
D9SE1D 2 6 0128| 414 GARIBALDI AVE| 10/08/2015| $118,000.00| 927508| 2801| Single Family, Resi...| 
D9SE4A 2 3 0128| 70 DANTE ST| 01/28/2016| $67,000.00| 932633| 2801| Single Family, Resi...| 
D9SE4A 6 10 0128| 34 -36 DEWEY ST| 10/08/2015| $140,000.00| 927512| 2801| 2 -4 Family, Reside...| 
D9SE4A 7 7 0128| 112 GARIBALDI AVE| 10/06/2015| $155,000.00| 927453| 2801| Single Family, Resi...| 
D9SE4B 1 10 0128| 99 GARIBALDI AVE| 11/19/2015| $113,939.00| 929798| 2801| Single Family, Resi...| 
D9SE4B 3 1 0128| 135 ROSETO AVE| 01/13/2016| $125,000.00| 932078| 2801| Single Family, Resi...| 
D9SW2C 16 5 0128| 610 FRONT ST| 01/27/2016| $90,000.00| 932635| 2801| Single Family, Resi...| 
D9SW2C 16 6 0128| 524 FRONT ST| 10/14/2015| $126,000.00| 927838| 2801| Single Family, Resi...| 
D9SW2C 6 3 0128| 603 MCKINLEY AVE| 10/22/2015| $114,900.00| 928287| 2801| Single Family, Resi...| 
D9SW2C 8 2 0128| 509 FALCONE AVE| 09/25/2015| $155,000.00| 926830| 2801| Single Family, Resi...| 
D9SE1A 16 8 0128| 505 GARIBALDI AVE| 07/20/2016| $115,900.00| 940754| 2801| Single Family, Resi...| 
D9SE1C 13 1 0128| 166 MARTINO AVE| 07/19/2016| $137,000.00| 940756| 2801| Single Family, Resi...| 
D9SE1C 7 13 0128| 169 GARIBALDI AVE| 06/27/2016| $177,000.00| 939462| 2801| Single Family, Resi...| 
D9SE4A 14 4 0128| 101 DANTE ST| 09/09/2016| $119,583.00| 943238| 2801| Single Family, Resi...| 
D9SE4A 2 3 0128| 70 DANTE ST| 05/24/2016| $154,900.00| 937836| 2801| Single Family, Resi...| 
D9SE4A 8 6 0128| 43 DEWEY ST| 09/13/2016| $43,000.00| 943378| 2801| Single Family, Resi...| 
D9SE4B 2 3 0128| 91 ROSETO AVE| 07/11/2016| $154,000.00| 940236| 2801| Single Family, Resi...| 
D9SW2C 16 7 0128| 518 FRONT AVE| 06/07/2016| $141,000.00| 938374| 2801| Single Family, Resi...| 
D9SW2C 7 9 0128| 507 MCKINLEY AVE| 05/13/2016| $140,000.00| 937343| 2801| Single Family, Resi...| 
D9SW2C 8 6 0128| 620 CALVIERO CT| 04/04/2016| $209,900.00| 935544| 2801| Single Family, Resi...| 
D9 16 4L 0128| 260 KENNEDY DR| 01/30/2017| $360,000.00| 949967| 2801| Single Family, Resi...| 
D9SE1A 8 5 0128| 716 GARIBALDI AVE| 02/02/2017| $55,000.00| 950121| 2801| Single Family, Resi...| 
D9SE1A 8 7A 0128| 708 GARIBALDI AVE| 11/22/2016| $126,000.00| 946646| 2801| Single Family, Resi...| 
D9SE1D 14 4 0128| 208 GARIBALDI AVE| 09/30/2016| $32,000.00| 944225| 2801| Single Family, Resi...| 
D9SE1D 3 3 0128| 411 GARIBALDI AVE| 10/26/2016| $140,000.00| 945415| 2801| Single Family, Resi...| 
D9SE4A 4 1 0128| 46 DANTE ST| 11/03/2016| $133,000.00| 945855| 2801| Single Family, Resi...| 
D9SE4A 7 10 0128| 104 GARIBALDI AVE| 03/09/2017| $65,000.00| 951615| 2801| Single Family, Resi...| 
D9SE4A 7 3 0128| 124 GARIBALDI AVE| 01/23/2017| $159,900.00| 949679| 2801| Single Family, Resi...| 
D9SE4B 1 10 0128| 99 GARIBALDI AVE| 10/24/2016| $50,000.00| 945266| 2801| Single Family, Resi...| 
D9SE4D 1A 1 0128| 106 DANTE ST| 11/01/2016| $142,000.00| 945661| 2801| Single Family, Resi...| 
D9 16 4B-3 0128| 135 KENNEDY DR| 05/10/2017| $217,500.00| 954579| 2801| Single Family, Resi...| 
D9 16 4N 0128| 209 KENNEDY DR| 07/17/2017| $269,900.00| 958163| 2801| Single Family, Resi...| 
D9 5 38 0128| 837 GARIBALDI AVE| 08/14/2017| $190,000.00| 959666| 2801| Single Family, Resi...| 
D9SE1A 19 5 0128| 409 -11 PENNSYLVANIA AVE| 05/18/2017| $114,900.00| 954943| 2801| 2 -4 Family, Reside...| 
D9SE1B 1 8 0128| 44 E COLUMBUS ST| 05/19/2017| $177,500.00| 955029| 2801| Single Family, Resi...| 
D9SE1C 10 8 0128| 157 MARTINO AVE| 06/02/2017| $105,000.00| 955759| 2801| Single Family, Resi...| 
D9SE1C 2 4 0128| 303 OAK ST| 08/03/2017| $189,000.00| 959118| 2801| Single Family, Resi...| 
D9SE1C 3 8 0128| 317 ROSETO AVE| 08/29/2017| $85,000.00| 960377| 2801| Single Family, Resi...| 
D9SE1D 10 10 0128| 12 DANTE ST| 05/09/2017| $98,000.00| 954499| 2801| Single Family, Resi...| 
D9SE1D 14 21 0128| 11 DANTE ST| 06/01/2017| $80,050.00| 955679| 2801| Single Family, Resi...| 
D9SE1D 14 21 0128| 11 DANTE ST| 07/05/2017| $111,500.00| 957432| 2801| Single Family, Resi...| 
D9SE1D 2 9A 0128| 402 GARIBALDI AVE| 03/31/2017| $132,000.00| 952615| 2801| Single Family, Resi...| 
D9SE1D 3 2 0128| 409 GARIBALDI AVE| 07/13/2017| $97,000.00| 957982| 2801| Single Family, Resi...| 
D9SE4B 1 10 0128| 99 GARIBALDI AVE| 05/02/2017| $145,000.00| 954080| 2801| Single Family, Resi...| 
D9SW2B 6 2 0128| 711 LIBERTY AVE| 07/31/2017| $120,000.00| 958787| 2801| Single Family, Resi...| 
D9SW2C 14 3 0128| 433 FRONT AVE| 03/21/2017| $140,000.00| 952029| 2801| 2 -4 Family, Reside...| 
D9SW2C 7 1 0128| 618 HAZEN AVE| 05/05/2017| $325,000.00| 954289| 2801| Single Family, Resi...| 
D9SE1A 16 12 0128| 519 GARIBALDI AVE| 12/28/2017| $119,900.00| 966417| 2801| Single Family, Resi...| 
D9SE1C 9 3 0128| 35 MAPLE ST| 02/09/2018| $133,500.00| 967993| 2801| Single Family, Resi...| 
D9SE1D 2 11 0128| 401 LIBERTY AVE| 11/01/2017| $152,900.00| 963777| 2801| Single Family, Resi...| 
D9SE1D 2 17 0128| 25 JEWEL ST| 01/30/2018| $105,000.00| 967645| 2801| Single Family, Resi...| 
D9SE1D 2 1A 0128| 17 JEWEL ST| 09/28/2017| $140,000.00| 961919| 2801| Single Family, Resi...| 
D9SE4A 3 2 0128| 318 FALCONE AVE| 10/31/2017| $192,500.00| 963564| 2801| Single Family, Resi...| 
D9SE4A 7 13 0128| 127 CHESTNUT ST| 11/03/2017| $120,000.00| 963935| 2801| Single Family, Resi...| 
D9SE4B 1 16 0128| 115 GARIBALDI AVE| 10/05/2017| $136,000.00| 962487| 2801| Single Family, Resi...| 
D9SW2B 2 8 0128| 28 MT CARMEL ST| 02/28/2018| $95,000.00| 968648| 2801| Single Family, Resi...| 
D9SW2B 7 4 0128| 640 FALCONE AVE| 12/29/2017| $260,000.00| 966533| 2801| Single Family, Resi...| 
D9 16 8A 0128| 481 SLATE BELT BLVD| 06/29/2018| $202,000.00| 975098| 2801| Single Family, Resi...| 
D9 16 8A 0128| 481 SLATE BELT BLVD| 08/13/2018| $299,000.00| 977715| 2801| Single Family, Resi...| 
D9NW3C 2 1B 0128| 840 GARIBALDI AVE| 07/24/2018| $132,000.00| 976502| 2801| Single Family, Resi...| 
D9SE1A 4 6 0128| 710 PENNSYLVANIA AVE| 06/12/2018| $94,900.00| 973991| 2801| Single Family, Resi...| 
D9SE1A 8 5 0128| 716 GARIBALDI AVE| 05/03/2018| $58,000.00| 971790| 2801| Single Family, Resi...| 
D9SE1B 1 12 0128| JEWEL ST| 04/06/2018| $45,100.00| 970557| 2801| Single Family, Resi...| 
D9SE1B 4 5 0128| 42 E COLUMBUS ST| 05/16/2018| $156,000.00| 972532| 2801| Single Family, Resi...| 
D9SE1B 4 7 0128| 36 E COLUMBUS ST| 04/25/2018| $148,000.00| 971277| 2801| Single Family, Resi...| 
D9SE1C 7 1 0128| 160 ROSETO AVE| 06/29/2018| $105,000.00| 975100| 2801| Single Family, Resi...| 
D9SE1C 7 11 0128| 165 GARIBALDI AVE| 06/19/2018| $180,200.00| 974395| 2801| Single Family, Resi...| 
D9SE1C 7 3 0128| 4 CLAY ST| 07/24/2018| $79,000.00| 976504| 2801| Single Family, Resi...| 
D9SE1C 7 6 0128| 157 GARIBALDI AVE| 05/01/2018| $107,000.00| 971650| 2801| Single Family, Resi...| 
D9SE1C 9 1 0128| 215 ROSETO AVE| 08/01/2018| $167,000.00| 977071| 2801| Single Family, Resi...| 
D9SE1D 1 21 0128| 445 FALCONE AVE| 07/11/2018| $120,000.00| 975932| 2801| Single Family, Resi...| 
D9SE1D 2 17 0128| 25 JEWEL ST| 06/12/2018| $199,000.00| 973995| 2801| Single Family, Resi...| 
D9SE1D 7 7 0128| 320 FALCONE AVE| 08/30/2018| $52,112.00| 978728| 2801| Single Family, Resi...| 
D9SE4A 13 5 0128| 89 DANTE ST| 08/03/2018| $170,000.00| 977229| 2801| Single Family, Resi...| 
D9SE4A 2 1A 0128| 75 DECATUR ST| 05/24/2018| $131,250.00| 972997| 2801| Single Family, Resi...| 
D9SE4A 2 8 0128| 313 FRONT AVE| 08/07/2018| $159,000.00| 977507| 2801| Single Family, Resi...| 
D9SE4A 7 10 0128| 104 GARIBALDI AVE| 04/18/2018| $149,000.00| 971018| 2801| Single Family, Resi...| 
D9SW2B 7 3 0128| 632 FALCONE AVE| 05/01/2018| $234,000.00| 971712| 2801| Single Family, Resi...| 
D9SW2C 2 1 0128| 625 HAZEN AVE| 08/21/2018| $147,000.00| 978182| 2801| Single Family, Resi...| 
D9SE1A 10 2 0128| 615 GARIBALDI AVE| 10/24/2018| $157,500.00| 981688| 2801| Single Family, Resi...| 
D9SE1A 13 7 0128| 10 -14 JEWEL ST| 09/25/2018| $235,000.00| 980186| 2801| 2 -4 Family, Reside...| 
D9SE1A 16 11 0128| 515 GARIBALDI AVE| 10/04/2018| $150,000.00| 980636| 2801| 2 -4 Family, Reside...| 
D9SE1A 16 9 0128| 507 GARIBALDI AVE| 10/30/2018| $133,000.00| 982000| 2801| Single Family, Resi...| 
D9SE1A 8 5 0128| 716 GARIBALDI AVE| 09/25/2018| $159,000.00| 980123| 2801| Single Family, Resi...| 
D9SE1A 9 3 0128| 622 SHAWNEE ST| 01/25/2019| $147,000.00| 985824| 2801| Single Family, Resi...| 
D9SE1B 2 2 0128| 503 ROSETO AVE| 10/25/2018| $40,000.00| 981774| 2801| Single Family, Resi...| 
D9SE1C 2 1A 0128| 23 E COLUMBUS ST| 11/14/2018| $172,000.00| 982723| 2801| Single Family, Resi...| 
D9SE1D 1 20 0128| 427 FALCONE AVE| 01/04/2019| $77,000.00| 984953| 2801| Single Family, Resi...| 
D9SE1D 1 21 0128| 445 FALCONE AVE| 11/20/2018| $199,000.00| 982930| 2801| Single Family, Resi...| 
D9SE4A 13 3 0128| 116 FRONT AVE| 11/20/2018| $154,000.00| 982932| 2801| Single Family, Resi...| 
D9SE4A 5 4 0128| 116 LINCOLN AVE| 10/26/2018| $149,000.00| 981836| 2801| Single Family, Resi...| 
D9SW2C 14 4 0128| 485 FRONT AVE| 10/16/2018| $249,900.00| 981141| 2801| Single Family, Resi...| 
